client_name,location,nation,headcount
Initech Solutions 1,Milan,IT,3507
Wonka Industrise 3 Inc,Paris,FR,1324
Wayne Enterprises 6 Inc,London,UK,1955
Initech Solutions 7 GmbH,Milan,IT,1449
Globex Industries 8 GmbH,Madrid,ES,314
Gringotts Bank 9 GmbH,Madrid,ES,2219
Soylent Foods 11 SA,Amsterdam,NL,1361
Umbrella Logistics 12 Ltd,Amsterdam,NL,4448
Hooli Technologies 13 Inc,Milan,IT,924
Wayne Enterprises 15,Madrid,ES,527
Tyrell Group 16 GmbH,Milan,IT,1405
Wayne Enterprises 17 Inc,Berlin,DE,3106
Massiv eDynamic 18,London,UK,632
Aviato Holdings 20,Madrid,ES,824
Globex Industries 21 Ltd,Berlin,DE,2829
Acme Corporation 23,London,UK,1984
Globex Industries 26 GmbH,Amsterdam,NL,2617
Initech Solutions 27 Ltd,Milan,IT,607
Vehement Capital 29 SA,Amsterdam,NL,2622
Acme Corporation 30 Inc,Berlin,DE,4659
Acme Corporation 32 GmbH,Amsterdam,NL,4591
Globex Industries 34 Inc,London,UK,3517
Globex Industries 36,Paris,FR,4820
Tyrell Group 40 Ltd,Madrid,ES,1682
Wonka Industries 42,London,UK,991
Wonka Industrise 43,Berlin,DE,4240
Vehement Capital 44 Inc,Paris,FR,3584
Gringotts Bank 48 Ltd,Berlin,DE,3674
Umbrella Logistics 53,Berlin,DE,1842
Tyrell Group 55 SA,Berlin,DE,2175
Massive Dynamic 56 Ltd,Paris,FR,2803
Acme Corporation 58 SA,Milan,IT,3167
Massive Dynamic 59 SA,Berlin,DE,1849
Soylent Foods 61 Inc,Berlin,DE,1541
Aviato Holdings 62 Inc,Paris,FR,718
Globxe Industries 63 GmbH,London,UK,2073
Cyberdyne ySstems 64 GmbH,Madrid,ES,990
Cyberdyne Systems 67 SA,Milan,IT,3562
Cyberdyne Systems 68 Inc,Amsterdam,NL,3817
Tyrell Group 69,Berlin,DE,3617
Hooli Technologies 71 Inc,Berlin,DE,1788
Aviato Holdings 72 SA,Berlin,DE,4601
Massive Dynamic 73 GmbH,Paris,FR,4813
Massive Dynamic 74 Ltd,London,UK,1625
WayneE nterprises 75 Inc,London,UK,1637
Soylent Foods 76 Inc,Amsterdam,NL,4069
Tyrell Group 77 Ltd,London,UK,583
Initech Solutions 78 GmbH,Madrid,ES,1020
Umbrella Logistics 80 Ltd,Madrid,ES,1775
Tyrell Group 81,Paris,FR,319
Vehement Capital 82 Ltd,Berlin,DE,987
Wayne Enterprises 83 GmbH,Berlin,DE,1068
Aviato Holdings 84 GmbH,Amsterdam,NL,2691
Stark Manufacturing 85 Inc,Milan,IT,377
Tyrlel Group 86 Inc,London,UK,3900
Pied Piepr 87 GmbH,Milan,IT,353
Tyrel lGroup 89 SA,Amsterdam,NL,3673
Massive Dynami c90,Amsterdam,NL,1347
Tyrell Group 92 Ltd,Madrid,ES,3794
Tyrell Group 94 SA,Madrid,ES,3708
Massive Dynamic 95 SA,Milan,IT,3187
Soylent oFods 96,Berlin,DE,354
Soylent Foods 97,Berlin,DE,1317
Umbrella Logistics 100 Inc,Berlin,DE,1411
Hooli Technologies 104 Inc,London,UK,3668
Pied Piper 105 Inc,Berlin,DE,920
Wayne Enterprises 107 Ltd,Madrid,ES,2938
Cyberdyne Systems 110 SA,Milan,IT,4163
Pied Ppier 112 Inc,Milan,IT,3047
Massive Dynamic 114 Ltd,Amsterdam,NL,564
Tyrell Group 115 GmbH,London,UK,846
Aviato Holdings 116,Amsterdam,NL,863
Cyberdyne Systems 117,London,UK,3062
Massive Dynamic 119 Ltd,Madrid,ES,4674
Massive Dynamic 122 GmbH,Milan,IT,2699
Cyberdyne Systems 123 GmbH,Milan,IT,4912
Gringotts Bank 125 GmbH,London,UK,712
Umbrella Logistics 127 Inc,Amsterdam,NL,4569
Tyrell Group 129 Inc,London,UK,800
Aviato oHldings 131 Ltd,Amsterdam,NL,473
Cyberdyne Systems 132 GmbH,Milan,IT,3064
Wayne Enterprises 134 Ltd,Paris,FR,2927
Vehement Capital 135 GmbH,Berlin,DE,3490
Globex Industries 136 SA,Amsterdam,NL,717
Umbrella Logistics 137 GmbH,Paris,FR,4905
Soylent Foods 138 Ltd,Paris,FR,2421
Cyberdyne Systems 139 Inc,London,UK,3303
Aviato Holdings 140 SA,Paris,FR,996
Aviato Holdings 141 Inc,London,UK,2045
Soylent Foods 143,Madrid,ES,890
Wonka Industries 145 Inc,Amsterdam,NL,2640
Initech Solutions 147,Milan,IT,4916
Vehement Capital 148 Inc,Paris,FR,3948
Gringotts Bank 149 SA,Berlin,DE,4343
Globex Industries 150 Inc,Amsterdam,NL,2793
Soylent Foods 151 SA,Paris,FR,715
Initech Solutions 153 Ltd,Amsterdam,NL,3517
Massive Dynamic 154 GmbH,Madrid,ES,1316
Massive Dynamic 157 SA,Berlin,DE,2387
Gringotts Bank 158 Ltd,Berlin,DE,2361
Umbrella Logistics 160 SA,Paris,FR,734
Gringotts Bank 161,Paris,FR,267
Aviato Holdings 165 GmbH,London,UK,2410
Acme Corporation 166 GmbH,Amsterdam,NL,4270
Initech Solutions 167 GmbH,Milan,IT,3001
Cyberdyne Systems 168,Paris,FR,186
Soylent Foods 169 SA,London,UK,2938
Soylent Foods 170,London,UK,3798
Tyrell Group 171 Inc,Paris,FR,348
Cyberdyne Systems 173 Ltd,Milan,IT,2235
Stark Manufacturing 176 Ltd,Amsterdam,NL,516
Globex Industries 177 GmbH,Madrid,ES,598
Cyberdyne Systems 178 Inc,Berlin,DE,677
Hooli Technologies 179 SA,Berlin,DE,4289
Tyrell Group 180,Madrid,ES,1057
Wonka Industries 181 Ltd,Amsterdam,NL,2898
Massive Dynamic 183 GmbH,Berlin,DE,263
Initech Solutions 185 Ltd,Madrid,ES,2650
Hooli Technologies 186 Ltd,Madrid,ES,3593
Wayne Enterprises 187 GmbH,London,UK,2099
Wayne Enterprises 191 Ltd,Berlin,DE,2056
Cyberdyne Systems 193 SA,Berlin,DE,1118
Wonka Industries 195,Madrid,ES,1352
Massive Dynamic 196 SA,Madrid,ES,4827
Aviato Holdings 197 GmbH,Madrid,ES,2217
